name,movie
Laurie Kerr,Blade Runner
Laurie Kerr,The Shining
Laurie Kerr,Children of Men
Laurie Kerr,Sleepy Hollow
Laurie Kerr,Alien³
Steven Poster,'Round Miles: A Miles Davis Documentary
Steven Poster,For Madmen Only: The Stories of Del Close
Steven Poster,Amityville: The Awakening
Steven Poster,Hemlock Grove
Steven Poster,Flypaper
Steven Poster,Cats & Dogs: The Revenge of Kitty Galore
Steven Poster,The Box
Steven Poster,Spread
Steven Poster,Southland Tales
Steven Poster,Daddy Day Care
Steven Poster,Stuart Little 2
Steven Poster,Donnie Darko
Steven Poster,The Rage: Carrie 2
Steven Poster,Half a Chance
Steven Poster,American Experience: A Midwife's Tale
Steven Poster,RocketMan
Steven Poster,Color of Justice
Steven Poster,Once You Meet a Stranger
Steven Poster,Nunzio's Second Cousin
Steven Poster,The Cemetery Club
Steven Poster,Life Stinks
Steven Poster,Rocky V
Steven Poster,Madonna: The Immaculate Collection
Steven Poster,Disneyland's 35th Anniversary Special
Steven Poster,Next of Kin
Steven Poster,Big Top Pee-wee
Steven Poster,Aloha Summer
Steven Poster,Someone to Watch Over Me
Steven Poster,The Boy Who Could Fly
Steven Poster,Blue City
Steven Poster,The New Kids
Steven Poster,Starman
Steven Poster,Testament
Steven Poster,Strange Brew
Steven Poster,The Cradle Will Fall
Steven Poster,Spring Break
Steven Poster,Blade Runner
Steven Poster,Mysterious Two
Steven Poster,Dead & Buried
Steven Poster,Blood Beach
Steven Poster,The Night Rider
Steven Poster,The Grass Is Always Greener Over the Septic Tank
Steven Poster,Close Encounters of the Third Kind
Steven Poster,Walking with Dinosaurs: Prehistoric Planet 3D
Steven Poster,Opportunity Knocks
Steven Poster,Coward of the County
Steven Poster,"Beggarman, Thief"
Steven Poster,Who Is Bill Rebane?
Steven Poster,It's a Madcap World: The Making of an Unfinished Film
Steven Poster,No Subtitles Necessary: Laszlo & Vilmos
Harrison Ford,The Miserable Adventures of Burt Squire
Brian Tufano,Sex & Drugs & Rock & Roll
Brian Tufano,My Zinc Bed
Brian Tufano,Adulthood
Brian Tufano,I Could Never Be Your Woman
Brian Tufano,Kidulthood
Brian Tufano,Once Upon a Time in the Midlands
Brian Tufano,Women Talking Dirty
Brian Tufano,Last Orders
Brian Tufano,Billy Elliot
Brian Tufano,Virtual Sexuality
Brian Tufano,East Is East
Brian Tufano,Tube Tales
Brian Tufano,A Life Less Ordinary
Brian Tufano,True Blue
Brian Tufano,Trainspotting
Brian Tufano,Shallow Grave
Brian Tufano,Middlemarch
Brian Tufano,Mr. Wroe's Virgins
Brian Tufano,Trapped In Silence
Brian Tufano,Dreamscape
Brian Tufano,The Lords of Discipline
Brian Tufano,Afternoon
Brian Tufano,A Light Snack
Brian Tufano,Probation
Brian Tufano,Old Chums
Brian Tufano,The Birth of the Goalie of the 2001 F.A. Cup Final
Brian Tufano,Blade Runner
Brian Tufano,Quadrophenia
Brian Tufano,The Sailor's Return
Brian Tufano,She Fell Among Thieves
Brian Tufano,"The Price of Coal, Part 2: Back to Reality"
Brian Tufano,"The Price of Coal, Part 1: Meet the People"
Brian Tufano,Arnhem: The Story of an Escape
Brian Tufano,Rogue Male
Brian Tufano,The Evacuees
Brian Tufano,"The Cheviot, the Stag and the Black, Black Oil"
Brian Tufano,Blooming Youth
Brian Tufano,Stocker's Copper
Brian Tufano,Robin Redbreast
Brian Tufano,The Big Switch
Brian Tufano,The Queen
Brian Tufano,The Endless Game
Brian Tufano,Ridin' the Dog
Brian Tufano,Three Men in a Boat
Brian Tufano,Sunset Across the Bay
Brian Tufano,A Little Outing
Basil Lombardo,Blade Runner
Harrison Ford,Captain America: New World Order
Harrison Ford,Indiana Jones and the Dial of Destiny
Harrison Ford,Shrinking
Harrison Ford,1923
Harrison Ford,"The Making of ""1923"""
Harrison Ford,Being James Bond
Harrison Ford,The Blade Runner Phenomenon
Harrison Ford,Indiana Jones: The Search for the Lost Golden Age
Harrison Ford,Sergio Mendes: In The Key of Joy
Harrison Ford,The Skywalker Legacy
Harrison Ford,The Call of the Wild
Harrison Ford,Star Wars: The Rise of Skywalker
Harrison Ford,Alan Pakula: Going for Truth
Harrison Ford,Armstrong
Harrison Ford,The Secret Life of Pets 2
Harrison Ford,Joan Didion: The Center Will Not Hold
Harrison Ford,Spielberg
Harrison Ford,Blade Runner 2049
Harrison Ford,Toxic Puzzle
Harrison Ford,Secrets of the Force Awakens: A Cinematic Journey
Harrison Ford,Disneyland 60th Anniversary TV Special
Harrison Ford,Star Wars: Greatest Moments
Harrison Ford,Star Wars: The Force Awakens
Harrison Ford,The Late Show with Stephen Colbert
Harrison Ford,Nature Is Speaking
Harrison Ford,Living in the Age of Airplanes
Harrison Ford,The Age of Adaline
Harrison Ford,The Making of The Expendables 3
Harrison Ford,Flying the Feathered Edge: The Bob Hoover Project
Harrison Ford,The Expendables 3
Harrison Ford,And the Oscar Goes To...
Harrison Ford,Anchorman 2: The Legend Continues
Harrison Ford,David Blaine: Real or Magic
Harrison Ford,Ender's Game
Harrison Ford,The Fugitive: Thrill of the Chase
Harrison Ford,Paranoia
Harrison Ford,Drew: The Man Behind the Poster
Harrison Ford,42
Harrison Ford,Milius
Harrison Ford,The Love We Make
Harrison Ford,Cowboys & Aliens
Harrison Ford,Morning Glory
Harrison Ford,Conan
Harrison Ford,Extraordinary Measures
Harrison Ford,Brace for Impact: The Chesley B. Sullenberger Story
Harrison Ford,Live from Studio Five
Harrison Ford,Brüno
Harrison Ford,Crossing Over
Harrison Ford,The Beaches of Agnès
Harrison Ford,Pre-Production
Harrison Ford,Indiana Jones and the Kingdom of the Crystal Skull
Harrison Ford,Lord of the Ants
Harrison Ford,Dangerous Days: Making 'Blade Runner'
Harrison Ford,Criaturas de La guerra de las galaxias
Harrison Ford,Firewall
Harrison Ford,Star Wars: Deleted Magic
Harrison Ford,George Lucas: Creating an Empire
Harrison Ford,Water to Wine
Harrison Ford,The Characters of Star Wars
Harrison Ford,When Star Wars Ruled the World
Harrison Ford,Empire of Dreams: The Story of the Star Wars Trilogy
Harrison Ford,The Story of Star Wars
Harrison Ford,Indiana Jones: Making the Trilogy
Harrison Ford,The Ellen DeGeneres Show
Harrison Ford,Hollywood Homicide
Harrison Ford,Celebrities Uncensored
Harrison Ford,Patriot Games: Up Close
Harrison Ford,The Stunts of 'Indiana Jones'
Harrison Ford,K-19: The Widowmaker
Harrison Ford,Star Wars vs. Star Trek: The Rivalry Continues
Harrison Ford,R2-D2: Beneath the Dome
Harrison Ford,The Concert for New York City
Harrison Ford,Lost Worlds: Life in the Balance
Harrison Ford,What Lies Beneath
Harrison Ford,The Early Show
Harrison Ford,Random Hearts
Harrison Ford,The Unauthorized 'Star Wars' Story
Harrison Ford,From Star Wars to Star Wars: The Story of Industrial Light & Magic
Harrison Ford,Where Are They Now?
Harrison Ford,The Directors
Harrison Ford,The Making of 'American Graffiti'
Harrison Ford,Masters of the Martial Arts Presented by Wesley Snipes
Harrison Ford,Six Days Seven Nights
Harrison Ford,The Magic Hour
Harrison Ford,The View
Harrison Ford,Air Force One
Harrison Ford,Leute heute
Harrison Ford,The Devil's Own
Harrison Ford,Star Wars: The Magic & the Mystery
Harrison Ford,Sat.1-Frühstücksfernsehen
Harrison Ford,The Daily Show with Trevor Noah
Harrison Ford,Sabrina
Harrison Ford,The World of Jacques Demy
Harrison Ford,One Hundred and One Nights
Harrison Ford,Clear and Present Danger
Harrison Ford,Mustang: The Hidden Kingdom
Harrison Ford,Inside the Actors Studio
Harrison Ford,Jimmy Hollywood
Harrison Ford,A Century of Cinema
Harrison Ford,Late Night with Conan O'Brien
Harrison Ford,The Fugitive
Harrison Ford,The Adventures of Young Indiana Jones: Mystery of the Blues
Harrison Ford,Commercial Entertainment Product
Harrison Ford,Earth and the American Dream
Harrison Ford,Patriot Games
Harrison Ford,The Tonight Show with Jay Leno
Harrison Ford,The Young Indiana Jones Chronicles
Harrison Ford,Regarding Henry
Harrison Ford,Presumed Innocent
Harrison Ford,Great Adventurers & Their Quests: Indiana Jones and the Last Crusade
Harrison Ford,Indiana Jones and the Last Crusade
Harrison Ford,Working Girl
Harrison Ford,Frantic
Harrison Ford,The Mosquito Coast
Harrison Ford,Witness
Harrison Ford,The Making of 'Indiana Jones and the Temple of Doom'
Harrison Ford,Indiana Jones and the Temple of Doom
Harrison Ford,From 'Star Wars' to 'Jedi' : The Making of a Saga
Harrison Ford,Return of the Jedi
Harrison Ford,Blade Runner
Harrison Ford,Return of the Ewok
Harrison Ford,The Making of 'Raiders of the Lost Ark'
Harrison Ford,Great Movie Stunts: Raiders of the Lost Ark
Harrison Ford,Great Movie Stunts: Raiders of the Lost Ark
Harrison Ford,Raiders of the Lost Ark
Harrison Ford,Wanna Bet?
Harrison Ford,SPFX: The Empire Strikes Back
Harrison Ford,The Making of The Empire Strikes Back
Harrison Ford,The Empire Strikes Back
Harrison Ford,Apocalypse Now
Harrison Ford,More American Graffiti
Harrison Ford,The Frisco Kid
Harrison Ford,Hanover Street
Harrison Ford,The Star Wars Holiday Special
Harrison Ford,The Story of the Faithful Wookiee
Harrison Ford,Force 10 from Navarone
Harrison Ford,Heroes
Harrison Ford,The Making of Star Wars
Harrison Ford,Star Wars
Harrison Ford,The Possessed
Harrison Ford,Dynasty
Harrison Ford,Judgment: The Court Martial of Lieutenant William Calley
Harrison Ford,The Conversation
Harrison Ford,NOVA
Harrison Ford,American Graffiti
Harrison Ford,Kung Fu
Harrison Ford,The Intruders
Harrison Ford,Getting Straight
Harrison Ford,Zabriskie Point
Harrison Ford,"Love, American Style"
Harrison Ford,Journey to Shiloh
Harrison Ford,A Time for Killing
Harrison Ford,Luv
Harrison Ford,Ironside
Harrison Ford,Dead Heat on a Merry-Go-Round
Harrison Ford,The Oscars
Harrison Ford,Today
Harrison Ford,Bambi Awards
Harrison Ford,Extraordinary Measures
Harrison Ford,K-19: The Widowmaker
Harrison Ford,Indiana Jones: The Search for the Lost Golden Age
Albert Bettcher,Some Kind of Wonderful
Albert Bettcher,The Man with One Red Shoe
Albert Bettcher,Breathless
Albert Bettcher,Blade Runner
Albert Bettcher,The Terminal Man
Albert Bettcher,The Graduate
Albert Bettcher,Batgirl
Albert Bettcher,Baby the Rain Must Fall
Albert Bettcher,Don't Knock The Rock
Thomas L. Roysden,Collateral Damage
Thomas L. Roysden,Blue Chips
Thomas L. Roysden,True Romance
Thomas L. Roysden,Sister Act
Thomas L. Roysden,Days of Thunder
Thomas L. Roysden,Dad
Thomas L. Roysden,In Country
Thomas L. Roysden,The Dead Pool
Thomas L. Roysden,Legal Eagles
Thomas L. Roysden,Clue
Thomas L. Roysden,Pee-wee's Big Adventure
Thomas L. Roysden,Perfect
Thomas L. Roysden,A Soldier's Story
Thomas L. Roysden,Iceman
Thomas L. Roysden,Get Crazy
Thomas L. Roysden,Best Friends
Thomas L. Roysden,Blade Runner
Thomas L. Roysden,Barbarosa
Thomas L. Roysden,Cutter's Way
Thomas L. Roysden,Altered States
Thomas L. Roysden,Fun and Games
Thomas L. Roysden,Heart Beat
Thomas L. Roysden,...And Justice for All
Thomas L. Roysden,The Buddy Holly Story
Thomas L. Roysden,Looking for Mr. Goodbar
Thomas L. Roysden,Perfect
Linda DeScenna,Bedtime Stories
Linda DeScenna,Evan Almighty
Linda DeScenna,"Yours, Mine & Ours"
Linda DeScenna,The Pacifier
Linda DeScenna,Bruce Almighty
Linda DeScenna,Bringing Down the House
Linda DeScenna,Dragonfly
Linda DeScenna,Galaxy Quest
Linda DeScenna,Patch Adams
Linda DeScenna,MouseHunt
Linda DeScenna,Liar Liar
Linda DeScenna,A Family Thing
Linda DeScenna,Father of the Bride Part II
Linda DeScenna,Wolf
Linda DeScenna,Jimmy Hollywood
Linda DeScenna,Toys
Linda DeScenna,Honeymoon in Vegas
Linda DeScenna,The Rocketeer
Linda DeScenna,Defending Your Life
Linda DeScenna,Avalon
Linda DeScenna,Back to the Future Part II
Linda DeScenna,Rain Man
Linda DeScenna,Scrooged
Linda DeScenna,Someone to Watch Over Me
Linda DeScenna,Summer School
Linda DeScenna,Harry and the Hendersons
Linda DeScenna,Back to School
Linda DeScenna,The Color Purple
Linda DeScenna,The Goonies
Linda DeScenna,The Falcon and the Snowman
Linda DeScenna,The Adventures of Buckaroo Banzai Across the 8th Dimension
Linda DeScenna,The Lonely Guy
Linda DeScenna,Brainstorm
Linda DeScenna,Blade Runner
Linda DeScenna,Fatso
Linda DeScenna,Star Trek: The Motion Picture
Linda DeScenna,Never Surrender: A Galaxy Quest Documentary
Leslie McCarthy-Frankenheimer,The Invasion
Leslie McCarthy-Frankenheimer,Even Money
Leslie McCarthy-Frankenheimer,The Closer
Leslie McCarthy-Frankenheimer,Carnivàle
Leslie McCarthy-Frankenheimer,Face Value
Leslie McCarthy-Frankenheimer,James Dean
Leslie McCarthy-Frankenheimer,Rapid Fire
Leslie McCarthy-Frankenheimer,Blade Runner
Leslie McCarthy-Frankenheimer,One from the Heart
Leslie McCarthy-Frankenheimer,Conquest of the Earth
Leslie McCarthy-Frankenheimer,The Blues Brothers
Tom Southwell,The Disappointments Room
Tom Southwell,Freaky Deaky
Tom Southwell,I Am Number Four
Tom Southwell,Disturbia
Tom Southwell,Two for the Money
Tom Southwell,Taking Lives
Tom Southwell,Star Trek: Nemesis
Tom Southwell,The Salton Sea
Tom Southwell,Mighty Joe Young
Tom Southwell,Black Cat Run
Tom Southwell,Eraser
Tom Southwell,Congo
Tom Southwell,City Slickers
Tom Southwell,Made in U.S.A.
Tom Southwell,The Man with One Red Shoe
Tom Southwell,The Adventures of Buckaroo Banzai Across the 8th Dimension
Tom Southwell,Blade Runner
Tom Southwell,Executive Decision
Mentor Huebner,Daylight
Mentor Huebner,So I Married an Axe Murderer
Mentor Huebner,Cat's Eye
Mentor Huebner,My Favorite Year
Mentor Huebner,The Thing
Mentor Huebner,Blade Runner
Mentor Huebner,Hurricane
Mentor Huebner,Looking for Mr. Goodbar
Mentor Huebner,The Prisoner of Second Avenue
Mentor Huebner,The Man Who Loved Cat Dancing
Mentor Huebner,Julius Caesar
Mentor Huebner,The Liberation of L.B. Jones
Mentor Huebner,Generation
Mentor Huebner,North by Northwest
Mentor Huebner,The Tunnel of Love
Mentor Huebner,Hit the Deck
Mentor Huebner,Executive Suite
Mentor Huebner,The Last Time I Saw Paris
Mentor Huebner,Take the High Ground!
Mentor Huebner,The Naked Spur
Mentor Huebner,Undercurrent
Mentor Huebner,The Shop Around the Corner
Terry E. Lewis,Real Genius
Terry E. Lewis,Terms of Endearment
Terry E. Lewis,Blade Runner
Terry E. Lewis,North Dallas Forty
Terry E. Lewis,The China Syndrome
Terry E. Lewis,Murder by Death
Terry E. Lewis,One Flew Over the Cuckoo's Nest
Sherman Labby,Mercury Rising
Sherman Labby,U.S. Marshals
Sherman Labby,Space Jam
Sherman Labby,Congo
Sherman Labby,1492: Conquest of Paradise
Sherman Labby,Lethal Weapon 2
Sherman Labby,Beverly Hills Cop II
Sherman Labby,The Money Pit
Sherman Labby,The Adventures of Buckaroo Banzai Across the 8th Dimension
Sherman Labby,Blade Runner
Sherman Labby,Archie and His New Pals
Sherman Labby,Startime: Turn of the Screw
Sherman Labby,The Youth Who Wanted to Shiver
Sherman Labby,Oliver Twist
Lawrence G. Paull,Escape from L.A.
Lawrence G. Paull,Sgt. Bilko
Lawrence G. Paull,Naked Gun 33⅓: The Final Insult
Lawrence G. Paull,Born Yesterday
Lawrence G. Paull,Unlawful Entry
Lawrence G. Paull,Memoirs of an Invisible Man
Lawrence G. Paull,City Slickers
Lawrence G. Paull,Predator 2
Lawrence G. Paull,The Last of the Finest
Lawrence G. Paull,License to Drive
Lawrence G. Paull,Cross My Heart
Lawrence G. Paull,Project X
Lawrence G. Paull,American Flyers
Lawrence G. Paull,Back to the Future
Lawrence G. Paull,Romancing the Stone
Lawrence G. Paull,Doctor Detroit
Lawrence G. Paull,Blade Runner
Lawrence G. Paull,Rehearsal for Murder
Lawrence G. Paull,Friendly Fire
Lawrence G. Paull,How to Beat the High Cost of Living
Lawrence G. Paull,FM
Lawrence G. Paull,Blue Collar
Lawrence G. Paull,The Storyteller
Lawrence G. Paull,Tail Gunner Joe
Lawrence G. Paull,W.W. and the Dixie Dancekings
Lawrence G. Paull,Terror on the 40th Floor
Lawrence G. Paull,The Stranger Who Looks Like Me
Lawrence G. Paull,The Last American Hero
Lawrence G. Paull,They Only Kill Their Masters
Lawrence G. Paull,Heat of Anger
Lawrence G. Paull,Second Chance
Lawrence G. Paull,She Waits
Lawrence G. Paull,Star Spangled Girl
Lawrence G. Paull,Chandler
Lawrence G. Paull,Murder Once Removed
Lawrence G. Paull,A Tattered Web
Lawrence G. Paull,Bury Me an Angel
Lawrence G. Paull,Little Fauss and Big Halsy
Lawrence G. Paull,Looking Back to the Future
Lawrence G. Paull,Dangerous Days: Making 'Blade Runner'
Lawrence G. Paull,On the Edge of 'Blade Runner'
Lawrence G. Paull,The Making of Back to the Future
Dave Margolin,Twister
Dave Margolin,Blade Runner
James T. Woods,Savage Dawn
James T. Woods,Blade Runner
James T. Woods,Hard Times
James T. Woods,The Sunchaser
David Webb Peoples,12 Monkeys
David Webb Peoples,Unforgiven
David Webb Peoples,Soldier
David Webb Peoples,Twelve Monkeys
David Webb Peoples,Hero
David Webb Peoples,The Blood of Heroes
David Webb Peoples,Ladyhawke
David Webb Peoples,Blade Runner
David Webb Peoples,The Day After Trinity
David Webb Peoples,1982 - Hollywood Summer
David Webb Peoples,Alien Galaxy
David Webb Peoples,The Real History of Science Fiction
David Webb Peoples,Clint Eastwood's West
David Webb Peoples,Dangerous Days: Making 'Blade Runner'
David Webb Peoples,All on Accounta Pullin' a Trigger
David Webb Peoples,On the Edge of 'Blade Runner'
David Webb Peoples,The Hamster Factor and Other Tales of 'Twelve Monkeys'
David Webb Peoples,The Day After Trinity
David Webb Peoples,Who Are the DeBolts? And Where Did They Get Nineteen Kids?
David Webb Peoples,Lucifer's Women
David Webb Peoples,Steel Arena
David Webb Peoples,The Blood of Heroes
David Webb Peoples,How We Stopped the War
Hampton Fancher,Escapes
Hampton Fancher,The Real History of Science Fiction
Hampton Fancher,Misfire: The Rise and Fall of the Shooting Gallery
Hampton Fancher,Dangerous Days: Making 'Blade Runner'
Hampton Fancher,On the Edge of 'Blade Runner'
Hampton Fancher,Last of the Good Guys
Hampton Fancher,The Other Side of the Mountain
Hampton Fancher,Switch
Hampton Fancher,The Stranger Who Looks Like Me
Hampton Fancher,Get Christie Love!
Hampton Fancher,Police Story
Hampton Fancher,How Did a Nice Girl Like You Get Into This Business?
Hampton Fancher,Mannix
Hampton Fancher,The Monroes
Hampton Fancher,The Incredible Sex Revolution
Hampton Fancher,The Great Adventure
Hampton Fancher,The Fugitive
Hampton Fancher,Arrest and Trial
Hampton Fancher,General Electric True
Hampton Fancher,Rome Adventure
Hampton Fancher,Parrish
Hampton Fancher,Outlaws
Hampton Fancher,Tate
Hampton Fancher,The Rebel
Hampton Fancher,Law of the Plainsman
Hampton Fancher,One Step Beyond
Hampton Fancher,77 Sunset Strip
Hampton Fancher,The Rifleman
Hampton Fancher,The Brain Eaters
Hampton Fancher,Maverick
Hampton Fancher,Perry Mason
Hampton Fancher,"Have Gun, Will Travel"
Hampton Fancher,Dick Powell's Zane Grey Theatre
Hampton Fancher,Cheyenne
Hampton Fancher,Death Valley Days
Hampton Fancher,2048: Nowhere to Run
Hampton Fancher,2036: Nexus Dawn
Hampton Fancher,The Minus Man
Hampton Fancher,The Mighty Quinn
Hampton Fancher,Blade Runner
Hampton Fancher,The Minus Man
Richard Yuricich,The Man Who Killed Hitler and Then the Bigfoot
Richard Yuricich,Non-Stop
Richard Yuricich,The Losers
Richard Yuricich,Whiteout
Richard Yuricich,Orphan
Richard Yuricich,The Reaping
Richard Yuricich,Resident Evil
Richard Yuricich,Event Horizon
Richard Yuricich,Under Siege 2: Dark Territory
Richard Yuricich,Ghost Dad
Richard Yuricich,Blade Runner
Richard Yuricich,Close Encounters of the Third Kind
Richard Yuricich,Brainstorm
Richard Yuricich,The Drowning Pool
Richard Yuricich,Idaho Transfer
Richard Yuricich,The Making of 'Event Horizon'
Richard Yuricich,On the Edge of 'Blade Runner'
Richard Yuricich,Brainstorm
Douglas Trumbull,The Tree of Life
Douglas Trumbull,Blade Runner
Douglas Trumbull,Star Trek: The Motion Picture
Douglas Trumbull,Close Encounters of the Third Kind
Douglas Trumbull,The Andromeda Strain
Douglas Trumbull,Candy
Douglas Trumbull,2001: A Space Odyssey
Douglas Trumbull,To the Moon and Beyond
Douglas Trumbull,In Search of Tomorrow
Douglas Trumbull,The Blade Runner Phenomenon
Douglas Trumbull,Natalie Wood: What Remains Behind
Douglas Trumbull,Trumbull Land
Douglas Trumbull,Chesley Bonestell: A Brush with the Future
Douglas Trumbull,The Real History of Science Fiction
Douglas Trumbull,Jodorowsky's Dune
Douglas Trumbull,Exploring 'The Tree of Life'
Douglas Trumbull,Dangerous Days: Making 'Blade Runner'
Douglas Trumbull,Vision of a Future Passed: The Prophecy of 2001
Douglas Trumbull,2001: FX and Early Conceptual Artwork
Douglas Trumbull,"""Silent Running' By DIrector Douglas Trumbull"
Douglas Trumbull,Douglas Trumbull: Then and Now
Douglas Trumbull,The Making of 'Close Encounters of the Third Kind'
Douglas Trumbull,Stanley Kubrick: A Life in Pictures
Douglas Trumbull,The Andromeda Strain: Making the Film
Douglas Trumbull,2001: The Making of a Myth
Douglas Trumbull,2001 and Beyond
Douglas Trumbull,On the Edge of 'Blade Runner'
Douglas Trumbull,Back to the Future... The Ride
Douglas Trumbull,The Making of Silent Running
Douglas Trumbull,UFOTOG
Douglas Trumbull,In Search of the Obelisk
Douglas Trumbull,Back to the Future... The Ride
Douglas Trumbull,Brainstorm
Douglas Trumbull,New Magic
Douglas Trumbull,Night of Dreams
Douglas Trumbull,Silent Running
Douglas Trumbull,The Man Who Killed Hitler and Then the Bigfoot
Douglas Trumbull,Brainstorm
Douglas Trumbull,Silent Running
Douglas Trumbull,UFOTOG
Douglas Trumbull,"C 299,792 km/s"
Peter Truckel,Blade Runner
Peter Truckel,Monkey Business
Per Hallberg,Amsterdam
Per Hallberg,Morbius
Per Hallberg,Zenimation
Per Hallberg,Ghost in the Shell
Per Hallberg,Life
Per Hallberg,Fences
Per Hallberg,Spectre
Per Hallberg,San Andreas
Per Hallberg,Delivery Man
Per Hallberg,Skyfall
Per Hallberg,The Bourne Legacy
Per Hallberg,Red Dawn
Per Hallberg,Safe House
Per Hallberg,What's Your Number?
Per Hallberg,Love Ranch
Per Hallberg,The Wolfman
Per Hallberg,G.I. Joe: The Rise of Cobra
Per Hallberg,Body of Lies
Per Hallberg,Eagle Eye
Per Hallberg,American Gangster
Per Hallberg,Things We Lost in the Fire
Per Hallberg,The Bourne Ultimatum
Per Hallberg,Freedom Writers
Per Hallberg,A Good Year
Per Hallberg,The Island
Per Hallberg,Kingdom of Heaven
Per Hallberg,Ray
Per Hallberg,The Bourne Supremacy
Per Hallberg,Van Helsing
Per Hallberg,Paycheck
Per Hallberg,Matchstick Men
Per Hallberg,Seabiscuit
Per Hallberg,The Bourne Identity
Per Hallberg,Black Hawk Down
Per Hallberg,Evolution
Per Hallberg,Hannibal
Per Hallberg,The Patriot
Per Hallberg,Gladiator
Per Hallberg,Tarzan
Per Hallberg,Urban Legend
Per Hallberg,Godzilla
Per Hallberg,The Replacement Killers
Per Hallberg,The Devil's Advocate
Per Hallberg,Face/Off
Per Hallberg,Heat
Per Hallberg,Braveheart
Per Hallberg,Legends of the Fall
Per Hallberg,Junior
Per Hallberg,My So-Called Life
Per Hallberg,The Last of the Mohicans
Per Hallberg,Air America
Per Hallberg,"Honey, I Shrunk the Kids"
Per Hallberg,Blade Runner
Per Hallberg,Directed by John Ford
David Dryer,Blade Runner
David Dryer,On the Edge of 'Blade Runner'
John Hayward,Sunshine
John Hayward,The Wind That Shakes the Barley
John Hayward,V for Vendetta
John Hayward,Ripley's Game
John Hayward,Conspiracy
John Hayward,Bridget Jones's Diary
John Hayward,Enigma
John Hayward,The World Is Not Enough
John Hayward,Virtual Sexuality
John Hayward,Entrapment
John Hayward,Wing Commander
John Hayward,GoldenEye
John Hayward,Hackers
John Hayward,Innocent Lies
John Hayward,A Foreign Field
John Hayward,1492: Conquest of Paradise
John Hayward,The Rainbow
John Hayward,The Lady and the Highwayman
John Hayward,Morons from Outer Space
John Hayward,Oxford Blues
John Hayward,The Dresser
John Hayward,Blade Runner
John Hayward,Roar
John Hayward,Circle of Iron
John Hayward,92 in the Shade
John Hayward,11 Harrowhouse
John Hayward,Open Season
John Hayward,The Day of the Jackal
John Hayward,Baffled!
John Hayward,The Amazing Mr. Blunden
John Hayward,The Devils
John Hayward,The Trojan Women
Doug Hemphill,The Harder They Fall
Doug Hemphill,Dune
Doug Hemphill,Gemini Man
Doug Hemphill,Us
Doug Hemphill,Blade Runner 2049
Doug Hemphill,Battle of the Sexes
Doug Hemphill,Life
Doug Hemphill,Blackhat
Doug Hemphill,The Maze Runner
Doug Hemphill,X-Men: Days of Future Past
Doug Hemphill,The Other Woman
Doug Hemphill,Percy Jackson: Sea of Monsters
Doug Hemphill,The Internship
Doug Hemphill,A Good Day to Die Hard
Doug Hemphill,Life of Pi
Doug Hemphill,Prometheus
Doug Hemphill,The Cabin in the Woods
Doug Hemphill,This Means War
Doug Hemphill,"Crazy, Stupid, Love."
Doug Hemphill,Mr. Popper's Penguins
Doug Hemphill,X-Men: First Class
Doug Hemphill,Due Date
Doug Hemphill,Life As We Know It
Doug Hemphill,Valentine's Day
Doug Hemphill,Sherlock Holmes
Doug Hemphill,Orphan
Doug Hemphill,Terminator Salvation
Doug Hemphill,Brothers
Doug Hemphill,Yes Man
Doug Hemphill,Max Payne
Doug Hemphill,Tropic Thunder
Doug Hemphill,The Dark Knight
Doug Hemphill,Aliens vs Predator: Requiem
Doug Hemphill,The Assassination of Jesse James by the Coward Robert Ford
Doug Hemphill,Hairspray
Doug Hemphill,Nancy Drew
Doug Hemphill,Charlie Bartlett
Doug Hemphill,The Reaping
Doug Hemphill,A Good Year
Doug Hemphill,X-Men: The Last Stand
Doug Hemphill,Lord of War
Doug Hemphill,Walk the Line
Doug Hemphill,Batman Begins
Doug Hemphill,Hide and Seek
Doug Hemphill,Elektra
Doug Hemphill,Flight of the Phoenix
Doug Hemphill,The Day After Tomorrow
Doug Hemphill,Master and Commander: The Far Side of the World
Doug Hemphill,The Rundown
Doug Hemphill,X2
Doug Hemphill,Daredevil
Doug Hemphill,Like Mike
Doug Hemphill,Enough
Doug Hemphill,Unfaithful
Doug Hemphill,Ice Age
Doug Hemphill,Hannibal
Doug Hemphill,From Hell
Doug Hemphill,Bedazzled
Doug Hemphill,Big Momma's House
Doug Hemphill,The Insider
Doug Hemphill,Cruel Intentions
Doug Hemphill,The Negotiator
Doug Hemphill,My Giant
Doug Hemphill,Wild Things
Doug Hemphill,The Replacement Killers
Doug Hemphill,Gattaca
Doug Hemphill,Jerry Maguire
Doug Hemphill,The Long Kiss Goodnight
Doug Hemphill,Last Man Standing
Doug Hemphill,Broken Arrow
Doug Hemphill,Congo
Doug Hemphill,Airheads
Doug Hemphill,Major League II
Doug Hemphill,My Life
Doug Hemphill,The Real McCoy
Doug Hemphill,The Firm
Doug Hemphill,Made in America
Doug Hemphill,The Last of the Mohicans
Doug Hemphill,Doc Hollywood
Doug Hemphill,King Ralph
Doug Hemphill,Havana
Doug Hemphill,Dick Tracy
Doug Hemphill,National Lampoon's Christmas Vacation
Doug Hemphill,Say Anything...
Doug Hemphill,Heathers
Doug Hemphill,Vibes
Doug Hemphill,A Time of Destiny
Doug Hemphill,Square Dance
Doug Hemphill,Real Genius
Doug Hemphill,Blade Runner
Doug Hemphill,3:10 to Yuma
Gordon K. McCallum,Nate and Hayes
Gordon K. McCallum,Pink Floyd: The Wall
Gordon K. McCallum,Blade Runner
Gordon K. McCallum,Roar
Gordon K. McCallum,Hurricane
Gordon K. McCallum,Superman
Gordon K. McCallum,The Shout
Gordon K. McCallum,The Uncanny
Gordon K. McCallum,The Odessa File
Gordon K. McCallum,The Abdication
Gordon K. McCallum,11 Harrowhouse
Gordon K. McCallum,Open Season
Gordon K. McCallum,Billy Two Hats
Gordon K. McCallum,The Day of the Jackal
Gordon K. McCallum,Baffled!
Gordon K. McCallum,The Amazing Mr. Blunden
Gordon K. McCallum,The Devils
Gordon K. McCallum,The Trojan Women
Gordon K. McCallum,The Private Life of Sherlock Holmes
Gordon K. McCallum,Ryan's Daughter
Gordon K. McCallum,Battle of Britain
Gordon K. McCallum,The Chairman
Gordon K. McCallum,Play Dirty
Gordon K. McCallum,Deadfall
Gordon K. McCallum,Nobody Runs Forever
Gordon K. McCallum,Prudence and the Pill
Gordon K. McCallum,Deadlier Than the Male
Gordon K. McCallum,The Desperate Ones
Gordon K. McCallum,Funeral in Berlin
Gordon K. McCallum,Fahrenheit 451
Gordon K. McCallum,Kaleidoscope
Gordon K. McCallum,Khartoum
Gordon K. McCallum,The Heroes of Telemark
Gordon K. McCallum,Rapture
Gordon K. McCallum,Masquerade
Gordon K. McCallum,Goldfinger
Gordon K. McCallum,The Fall of the Roman Empire
Gordon K. McCallum,This Is My Street
Gordon K. McCallum,The Moon-Spinners
Gordon K. McCallum,The Mind Benders
Gordon K. McCallum,A Pair of Briefs
Gordon K. McCallum,Stranglehold
Gordon K. McCallum,El Cid
Gordon K. McCallum,"No, My Darling Daughter"
Gordon K. McCallum,Victim
Gordon K. McCallum,Flame in the Streets
Gordon K. McCallum,No Kidding
Gordon K. McCallum,A Night to Remember
Gordon K. McCallum,Carve Her Name with Pride
Gordon K. McCallum,The One That Got Away
Gordon K. McCallum,Campbell's Kingdom
Gordon K. McCallum,The Prince and the Showgirl
Gordon K. McCallum,High Tide at Noon
Gordon K. McCallum,True as a Turtle
Gordon K. McCallum,The Spanish Gardener
Gordon K. McCallum,The Battle of the River Plate
Gordon K. McCallum,The Iron Petticoat
Gordon K. McCallum,Reach for the Sky
Gordon K. McCallum,Simon and Laura
Gordon K. McCallum,One Good Turn
Gordon K. McCallum,Mad About Men
Gordon K. McCallum,The Purple Plain
Gordon K. McCallum,The Young Lovers
Gordon K. McCallum,Fast and Loose
Gordon K. McCallum,The Million Pound Note
Gordon K. McCallum,The Kidnappers
Gordon K. McCallum,Personal Affair
Gordon K. McCallum,Always a Bride
Gordon K. McCallum,Malta Story
Gordon K. McCallum,Genevieve
Gordon K. McCallum,The Net
Gordon K. McCallum,The Planter's Wife
Gordon K. McCallum,Venetian Bird
Gordon K. McCallum,The Importance of Being Earnest
Gordon K. McCallum,Hunted
Gordon K. McCallum,Appointment with Venus
Gordon K. McCallum,Fortune in Diamonds
Gordon K. McCallum,Blackmailed
Gordon K. McCallum,White Corridors
Gordon K. McCallum,Traveller's Joy
Gordon K. McCallum,Prelude to Fame
Gordon K. McCallum,So Long at the Fair
Gordon K. McCallum,The Astonished Heart
Gordon K. McCallum,The Spider and the Fly
Gordon K. McCallum,Obsession
Gordon K. McCallum,The Passionate Friends
Gordon K. McCallum,Trouble in the Air
Gordon K. McCallum,Oliver Twist
Gordon K. McCallum,Penny and the Pownall Case
Gordon K. McCallum,Escape
Gordon K. McCallum,Blanche Fury
Gordon K. McCallum,Great Expectations
Gordon K. McCallum,I Know Where I'm Going!
Gordon K. McCallum,This Happy Breed
Nicolas Le Messurier,Book of Blood
Nicolas Le Messurier,Human Traffic
Nicolas Le Messurier,Company Business
Nicolas Le Messurier,Pathfinder
Nicolas Le Messurier,The Fourth Protocol
Nicolas Le Messurier,A Passage to India
Nicolas Le Messurier,Nate and Hayes
Nicolas Le Messurier,Pink Floyd: The Wall
Nicolas Le Messurier,Blade Runner
Nicolas Le Messurier,Roar
Nicolas Le Messurier,The Dogs of War
Nicolas Le Messurier,Hurricane
Nicolas Le Messurier,The Shout
Nicolas Le Messurier,The Greek Tycoon
Bud Alper,Inside Out
Bud Alper,The Crow
Bud Alper,Loose Cannons
Bud Alper,Better Off Dead...
Bud Alper,Ladyhawke
Bud Alper,Two of a Kind
Bud Alper,Six Pack
Bud Alper,Blade Runner
Bud Alper,Desperate Lives
Bud Alper,Detroit 9000
Bud Alper,The Last American Hero
Bud Alper,Cleopatra Jones
Bud Alper,The Mack
Bud Alper,Slither
Bud Alper,Black Gunn
Bud Alper,One Is a Lonely Number
Bud Alper,Valdez Is Coming
Bud Alper,Sole Survivor
Bud Alper,Take the Money and Run
Karen Baker Landers,Violent Night
Karen Baker Landers,For Love
Karen Baker Landers,Pearl
Karen Baker Landers,Morbius
Karen Baker Landers,Shut In
Karen Baker Landers,Scream
Karen Baker Landers,Atom
Karen Baker Landers,Intrusion
Karen Baker Landers,Lonely Blue Night
Karen Baker Landers,Dumplin'
Karen Baker Landers,Robin Hood
Karen Baker Landers,The House with a Clock in Its Walls
Karen Baker Landers,What Happened to Monday
Karen Baker Landers,Megan Leavey
Karen Baker Landers,Spectre
Karen Baker Landers,Secret in Their Eyes
Karen Baker Landers,Dracula Untold
Karen Baker Landers,RoboCop
Karen Baker Landers,Carrie
Karen Baker Landers,The Guilt Trip
Karen Baker Landers,Skyfall
Karen Baker Landers,What's Your Number?
Karen Baker Landers,Life As We Know It
Karen Baker Landers,Love Ranch
Karen Baker Landers,The Wolfman
Karen Baker Landers,G.I. Joe: The Rise of Cobra
Karen Baker Landers,The Proposal
Karen Baker Landers,Body of Lies
Karen Baker Landers,Eagle Eye
Karen Baker Landers,27 Dresses
Karen Baker Landers,American Gangster
Karen Baker Landers,Things We Lost in the Fire
Karen Baker Landers,The Bourne Ultimatum
Karen Baker Landers,Freedom Writers
Karen Baker Landers,A Good Year
Karen Baker Landers,Step Up
Karen Baker Landers,The Big White
Karen Baker Landers,The Island
Karen Baker Landers,Ray
Karen Baker Landers,The Bourne Supremacy
Karen Baker Landers,Van Helsing
Karen Baker Landers,Seabiscuit
Karen Baker Landers,The Bourne Identity
Karen Baker Landers,Black Hawk Down
Karen Baker Landers,Evolution
Karen Baker Landers,Hannibal
Karen Baker Landers,The Patriot
Karen Baker Landers,Urban Legend
Karen Baker Landers,Godzilla
Karen Baker Landers,The Replacement Killers
Karen Baker Landers,Braveheart
Karen Baker Landers,Legends of the Fall
Karen Baker Landers,In the Line of Fire
Karen Baker Landers,The Last of the Mohicans
Karen Baker Landers,National Lampoon's Christmas Vacation
Karen Baker Landers,Blade Runner
Karen Baker Landers,Directed by John Ford
Karen Baker Landers,Making Waves: The Art of Cinematic Sound
Joel Fein,Doorways
Joel Fein,First Shot
Joel Fein,Truman
Joel Fein,Doppelganger
Joel Fein,Sleepwalkers
Joel Fein,Perry Mason: The Case of the Musical Murder
Joel Fein,Blade Runner
Joel Fein,Gorp
Joel Fein,Roller Boogie
Matt Vowles,Black Adam
Matt Vowles,Gift of Fire
Matt Vowles,Lisey's Story
Matt Vowles,Homemade
Matt Vowles,Council of Dads
Matt Vowles,Downrange
Matt Vowles,Cheap Thrills
Matt Vowles,Geezas
Matt Vowles,The Hillside Stranglers
Matt Vowles,Blade Runner
Ron Bartlett,Dune: Part Two
Ron Bartlett,A Christmas Story Christmas
Ron Bartlett,King Richard
Ron Bartlett,The Harder They Fall
Ron Bartlett,Dune
Ron Bartlett,Sweet Girl
Ron Bartlett,Jungle Cruise
Ron Bartlett,Cruella
Ron Bartlett,Gemini Man
Ron Bartlett,Us
Ron Bartlett,The Christmas Chronicles
Ron Bartlett,Robin Hood
Ron Bartlett,Instant Family
Ron Bartlett,Blade Runner 2049
Ron Bartlett,Going in Style
Ron Bartlett,Life
Ron Bartlett,xXx: Return of Xander Cage
Ron Bartlett,Ben-Hur
Ron Bartlett,The Boss
Ron Bartlett,Secret in Their Eyes
Ron Bartlett,Maze Runner: The Scorch Trials
Ron Bartlett,Black Mass
Ron Bartlett,The Gambler
Ron Bartlett,The Maze Runner
Ron Bartlett,X-Men: Days of Future Past
Ron Bartlett,The Other Woman
Ron Bartlett,Ender's Game
Ron Bartlett,The Wolverine
Ron Bartlett,The Internship
Ron Bartlett,A Good Day to Die Hard
Ron Bartlett,Life of Pi
Ron Bartlett,Prometheus
Ron Bartlett,The Cabin in the Woods
Ron Bartlett,This Means War
Ron Bartlett,Rise of the Planet of the Apes
Ron Bartlett,"Crazy, Stupid, Love."
Ron Bartlett,Mr. Popper's Penguins
Ron Bartlett,X-Men: First Class
Ron Bartlett,The Hangover Part II
Ron Bartlett,The Way Back
Ron Bartlett,Due Date
Ron Bartlett,Life As We Know It
Ron Bartlett,Valentine's Day
Ron Bartlett,Sherlock Holmes
Ron Bartlett,Orphan
Ron Bartlett,Terminator Salvation
Ron Bartlett,Yes Man
Ron Bartlett,Max Payne
Ron Bartlett,Tropic Thunder
Ron Bartlett,Aliens vs Predator: Requiem
Ron Bartlett,The Assassination of Jesse James by the Coward Robert Ford
Ron Bartlett,Hairspray
Ron Bartlett,Nancy Drew
Ron Bartlett,Charlie Bartlett
Ron Bartlett,Superman Returns
Ron Bartlett,Serenity
Ron Bartlett,Batman Begins
Ron Bartlett,Iron Jawed Angels
Ron Bartlett,Confidence
Ron Bartlett,Malibu's Most Wanted
Ron Bartlett,S1m0ne
Ron Bartlett,Death to Smoochy
Ron Bartlett,Don't Say a Word
Ron Bartlett,Flawless
Ron Bartlett,Meet Joe Black
Ron Bartlett,Lost in Space
Ron Bartlett,As Good as It Gets
Ron Bartlett,The Fifth Element
Ron Bartlett,Heat
Ron Bartlett,The Living Sea
Ron Bartlett,Suture
Ron Bartlett,Hard Target
Ron Bartlett,Aladdin
Ron Bartlett,Reservoir Dogs
Ron Bartlett,Basic Instinct
Ron Bartlett,Beauty and the Beast
Ron Bartlett,Predator 2
Ron Bartlett,The Adventures of Ford Fairlane
Ron Bartlett,Gremlins 2: The New Batch
Ron Bartlett,"sex, lies, and videotape"
Ron Bartlett,The 'Burbs
Ron Bartlett,Die Hard
Ron Bartlett,Bad Dreams
Ron Bartlett,The Hanoi Hilton
Ron Bartlett,The Texas Chainsaw Massacre 2
Ron Bartlett,Invaders from Mars
Ron Bartlett,The Delta Force
Ron Bartlett,"Camorra (A Story of Streets, Women and Crime)"
Ron Bartlett,Blade Runner
